{
  "query_1_duckdb": 0.0005550384521484375,
  "query_2_duckdb": 0.0029680728912353516,
  "query_3_duckdb": 0.0017910003662109375,
  "query_4_duckdb": 0.0014431476593017578
}